End 1; End 2; Length
1;7;163.06425
2;7;99.1875
3;7;59.90925
4;7;34.1205
4;5;84.50775
5;6;52.76775